<?xml version="1.0" encoding="UTF-8"?>
<metadata xml:lang="de"><Esri><CreaDate>20210414</CreaDate><CreaTime>13175300</CreaTime><ArcGISFormat>1.0</ArcGISFormat><SyncOnce>TRUE</SyncOnce><DataProperties><lineage><Process ToolSource="c:\program files (x86)\arcgis\desktop10.7\ArcToolbox\Toolboxes\Data Management Tools.tbx\CalculateField" Date="20210414" Time="131753">CalculateField Bruecken_Point_14042021 KM [KM_Richtig] VB #</Process><Process ToolSource="c:\program files (x86)\arcgis\desktop10.7\ArcToolbox\Toolboxes\Data Management Tools.tbx\AddXY" Date="20210414" Time="132003">AddXY Bruecken_Point_14042021</Process></lineage></DataProperties></Esri></metadata>
