<?xml version="1.0" encoding="UTF-8"?>
<metadata xml:lang="de"><Esri><CreaDate>20210526</CreaDate><CreaTime>08285400</CreaTime><ArcGISFormat>1.0</ArcGISFormat><SyncOnce>TRUE</SyncOnce><DataProperties><itemProps><itemLocation><linkage Sync="TRUE">file://\\akl001fa\abt7w\06_VP\Kagis\KAGIS-Daten-Weitergabe\2021\Universitaet\Daten\EVIS_Fokusstreckennetz</linkage><protocol Sync="TRUE">Local Area Network</protocol></itemLocation></itemProps><copyHistory><copy source="W:\06_VP\Kagis\KAGIS-Daten-Weitergabe\2021\Universitaet\EVIS_Fokusstreckennetz" dest="\\akl001fa\abt7w\06_VP\Kagis\KAGIS-Daten-Weitergabe\2021\Universitaet\Daten\EVIS_Fokusstreckennetz" date="20210526" time="08285400"></copy></copyHistory></DataProperties></Esri></metadata>
